tournament_id,player_id,PLAYER,SALARY,P_TOP20,SCORE,MODEL_SCORE,ODDS_SHARE,LEVERAGE,VEGAS_ODDS,SG_FORM,PREDICTED_AT
R2026527,48081,Xander Schauffele,11000,0.566,1.0,0.6994,0.066,0.0,10.0,1.4,2026-10-07 08:15
R2026527,50525,Collin Morikawa,10400,0.506,0.9757,0.672,0.0454,-0.5,15.0,1.44,2026-10-07 08:15
R2026527,51766,Wyndham Clark,10600,0.495,0.8924,0.6129,0.0454,-12.5,15.0,1.5,2026-10-07 08:15
R2026527,32839,Hideki Matsuyama,10200,0.424,0.9583,0.6691,0.0382,0.0,18.0,1.18,2026-10-07 08:15
R2026527,59018,Ryan Gerard,9300,0.42,0.9618,0.6866,0.0346,3.5,20.0,1.15,2026-10-07 08:15
R2026527,33448,Justin Thomas,9600,0.406,0.8993,0.6335,0.0346,-5.5,20.0,0.97,2026-10-07 08:15
R2026527,37378,Min Woo Lee,9400,0.404,0.9271,0.6664,0.0316,2.5,22.0,0.71,2026-10-07 08:15
R2026527,52375,Doug Ghim,9200,0.403,0.8958,0.6397,0.0279,1.0,25.0,1.04,2026-10-07 08:15
R2026527,24502,Adam Scott,9100,0.403,0.8854,0.6477,0.0259,4.5,27.0,0.95,2026-10-07 08:15
R2026527,48117,Kurt Kitayama,8800,0.398,0.8542,0.6388,0.0234,5.0,30.0,0.97,2026-10-07 08:15
R2026527,60004,Jacob Bridgeman,9800,0.395,0.9201,0.6663,0.0316,1.5,22.0,1.25,2026-10-07 08:15
R2026527,46442,Maverick McNealy,8700,0.363,0.8646,0.6338,0.0259,1.5,27.0,1.02,2026-10-07 08:15
R2026527,57364,Michael Thorbjornsen,9000,0.357,0.8438,0.6256,0.0259,-1.5,27.0,0.72,2026-10-07 08:15
R2026527,39971,Sungjae Im,8900,0.352,0.8507,0.628,0.0259,-0.5,27.0,0.71,2026-10-07 08:15
R2026527,32102,Rickie Fowler,8400,0.346,0.8056,0.6214,0.0213,2.0,33.0,0.79,2026-10-07 08:15
R2026527,48887,Matt Wallace,8500,0.338,0.7917,0.6055,0.0213,0.0,33.0,0.61,2026-10-07 08:15
R2026527,46340,Alex Smalley,8100,0.333,0.7188,0.5813,0.0177,-1.5,40.0,0.73,2026-10-07 08:15
R2026527,61522,Michael Brennan,8600,0.33,0.7847,0.6032,0.0213,-1.0,33.0,0.88,2026-10-07 08:15
R2026527,39546,Keith Mitchell,8200,0.327,0.7396,0.5878,0.0177,1.5,40.0,0.67,2026-10-07 08:15
R2026527,33141,Keegan Bradley,8000,0.322,0.7465,0.5926,0.0177,2.5,40.0,0.74,2026-10-07 08:15
R2026527,45242,Kevin Yu,8000,0.318,0.7049,0.5712,0.0177,-3.5,40.0,0.59,2026-10-07 08:15
R2026527,60019,Jackson Suber,7600,0.31,0.7014,0.5869,0.0142,5.0,50.0,0.58,2026-10-07 08:15
R2026527,36884,Ben Kohles,7900,0.309,0.6319,0.5723,0.0119,9.0,60.0,0.64,2026-10-07 08:15
R2026527,63454,Johnny Keefer,7900,0.305,0.7257,0.5842,0.0177,-0.5,40.0,0.49,2026-10-07 08:15
R2026527,46464,Jordan Smith,7500,0.296,0.6076,0.5588,0.013,-1.5,55.0,0.58,2026-10-07 08:15
R2026527,34046,Jordan Spieth,8300,0.294,0.6215,0.5638,0.013,0.5,55.0,0.56,2026-10-07 08:15
R2026527,39977,Max Homa,7700,0.284,0.6007,0.5582,0.013,-2.5,55.0,0.47,2026-10-07 08:15
R2026527,48001,Zach Bauchou,7400,0.284,0.6111,0.567,0.0119,6.0,60.0,0.51,2026-10-07 08:15
R2026527,57123,Steven Fisk,7300,0.282,0.5903,0.5612,0.0119,3.0,60.0,0.19,2026-10-07 08:15
R2026527,49228,Keita Nakajima,7800,0.281,0.6979,0.5691,0.0177,-4.5,40.0,0.47,2026-10-07 08:15
R2026527,51287,Ryo Hisatsune,7600,0.272,0.6285,0.5643,0.013,1.5,55.0,0.3,2026-10-07 08:15
R2026527,39975,Michael Kim,7800,0.256,0.6181,0.555,0.0142,-7.0,50.0,0.44,2026-10-07 08:15
R2026527,27644,Brian Harman,7500,0.249,0.5243,0.5299,0.0102,0.5,70.0,0.53,2026-10-07 08:15
R2026527,59440,Ricky Castillo,7200,0.243,0.4931,0.534,0.009,7.0,80.0,0.49,2026-10-07 08:15
R2026527,51977,Max Greyserman,7700,0.242,0.6111,0.5495,0.0142,-8.0,50.0,0.2,2026-10-07 08:15
R2026527,58168,Davis Thompson,7400,0.235,0.5035,0.5245,0.0102,-2.5,70.0,0.29,2026-10-07 08:15
R2026527,39335,Kevin Roy,7100,0.226,0.4722,0.5274,0.009,4.0,80.0,0.27,2026-10-07 08:15
R2026527,54628,Lee Hodges,6700,0.224,0.4583,0.5222,0.009,2.0,80.0,0.27,2026-10-07 08:15
R2026527,35658,Kris Ventura,6800,0.222,0.4618,0.5021,0.0102,-8.5,70.0,0.14,2026-10-07 08:15
R2026527,35461,Beau Hossler,7200,0.218,0.4826,0.5137,0.0102,-5.5,70.0,0.27,2026-10-07 08:15
R2026527,52689,Rasmus Neergaard-Petersen,6900,0.206,0.3542,0.4792,0.0072,3.0,100.0,0.24,2026-10-07 08:15
R2026527,59143,Mac Meissner,6900,0.205,0.4792,0.5275,0.009,5.0,80.0,0.24,2026-10-07 08:15
R2026527,36799,Stephan Jaeger,7000,0.196,0.4375,0.513,0.009,-1.0,80.0,0.07,2026-10-07 08:15
R2026527,45522,Christiaan Bezuidenhout,7300,0.196,0.4514,0.5142,0.009,1.0,80.0,0.49,2026-10-07 08:15
R2026527,47917,Takumi Kanaya,6900,0.194,0.4306,0.5094,0.009,-2.0,80.0,-0.08,2026-10-07 08:15
R2026527,29420,Billy Horschel,7100,0.184,0.3194,0.4529,0.0072,-2.0,100.0,0.26,2026-10-07 08:15
R2026527,28723,John Parry,6700,0.184,0.3611,0.49,0.0072,4.0,100.0,0.2,2026-10-07 08:15
R2026527,25493,Nick Taylor,6800,0.184,0.3472,0.4761,0.0072,2.0,100.0,0.33,2026-10-07 08:15
R2026527,40250,Taylor Pendrith,6600,0.182,0.3125,0.4524,0.0072,-3.0,100.0,-0.14,2026-10-07 08:15
R2026527,51634,Sahith Theegala,7000,0.18,0.3403,0.4724,0.0072,1.0,100.0,0.23,2026-10-07 08:15
R2026527,59836,Pierceson Coody,6800,0.178,0.3333,0.4641,0.0072,0.0,100.0,0.05,2026-10-07 08:15
R2026527,51349,Nico Echavarria,6700,0.178,0.2778,0.4081,0.0072,-8.0,100.0,-0.01,2026-10-07 08:15
R2026527,49947,Taylor Moore,6600,0.177,0.3264,0.4587,0.0072,-1.0,100.0,-0.23,2026-10-07 08:15
R2026527,47993,Denny McCarthy,6500,0.156,0.2465,0.4107,0.0058,-1.5,125.0,0.11,2026-10-07 08:15
R2026527,63343,Aldrich Potgieter,6500,0.143,0.2326,0.4059,0.0058,-3.5,125.0,-0.63,2026-10-07 08:15
R2026527,57900,Chandler Phillips,6400,0.126,0.2465,0.4514,0.0041,4.5,175.0,-0.06,2026-10-07 08:15
R2026527,29725,Tony Finau,6500,0.124,0.2396,0.429,0.0041,3.5,175.0,-0.45,2026-10-07 08:15
R2026527,36699,Patrick Rodgers,6400,0.12,0.1979,0.3686,0.0041,-2.5,175.0,-0.24,2026-10-07 08:15
R2026527,33689,Jinichiro Kozuma,6300,0.106,0.2326,0.4143,0.0041,2.5,175.0,-0.78,2026-10-07 08:15
R2026527,35532,Tom Hoge,6400,0.094,0.1458,0.342,0.0029,-1.0,250.0,-0.36,2026-10-07 08:15
R2026527,34256,Andrew Putnam,6200,0.091,0.1319,0.3064,0.0029,-3.0,250.0,-0.05,2026-10-07 08:15
R2026527,33232,Sang-hee Lee,6300,0.085,0.1875,0.3791,0.0032,1.0,225.0,-0.56,2026-10-07 08:15
R2026527,36326,David Lipsky,6300,0.082,0.1354,0.3441,0.0021,2.5,350.0,-0.29,2026-10-07 08:15
R2026527,59141,Matt McCarty,6600,0.081,0.0729,0.3324,0.0004,7.5,1000.0,0.13,2026-10-07 08:15
R2026527,56165,Yusaku Hosono,6200,0.074,0.1597,0.3621,0.0029,1.0,250.0,-0.56,2026-10-07 08:15
R2026527,56100,Ren Yonezawa,6200,0.057,0.0833,0.2341,0.001,0.0,750.0,-1.99,2026-10-07 08:15
R2026527,59743,Aguri Iwasaki,6100,0.053,0.1076,0.2899,0.0021,-1.5,350.0,-0.56,2026-10-07 08:15
R2026527,29833,Yoshinori Fujimoto,6000,0.029,0.0729,0.2266,0.001,-1.5,750.0,-0.56,2026-10-07 08:15
R2026527,47889,Kosuke Sunagawa,6000,0.029,0.0729,0.2266,0.001,-1.5,750.0,-0.56,2026-10-07 08:15
R2026527,65922,Koshin Nagasaki,6000,0.02,0.0417,0.2122,0.0007,-1.0,1000.0,-0.56,2026-10-07 08:15
R2026527,55908,Tomohiro Ishizaka,6100,0.02,0.0417,0.2122,0.0007,-1.0,1000.0,-0.56,2026-10-07 08:15
R2026527,27747,Hiroshi Iwata,6100,0.019,0.0174,0.2084,0.0004,-0.5,1000.0,-0.83,2026-10-07 08:15
