player_id,name,odds_text,VEGAS_ODDS,AS_OF,tournament_id
34409,David Lingmerth,+100000,1000.0,2026-09-30T22:00:36Z,R2026554
30927,Brendon Todd,+100000,1000.0,2026-09-30T22:00:36Z,R2026554
32150,Michael Thompson,+100000,1000.0,2026-09-30T22:00:36Z,R2026554
54422,Christo Lamprecht,+100000,1000.0,2026-09-30T22:00:36Z,R2026554
55416,Rhett Rasmussen,+100000,1000.0,2026-09-30T22:00:36Z,R2026554
37076,Marcelo Rozo,+100000,1000.0,2026-09-30T22:00:36Z,R2026554
33597,Harry Higgs,+100000,1000.0,2026-09-30T22:00:36Z,R2026554
46123,Matt Snyder,+100000,1000.0,2026-09-30T22:00:36Z,R2026554
60014,Carson Lundell,+100000,1000.0,2026-09-30T22:00:36Z,R2026554
67803,Bowen Mauss,+100000,1000.0,2026-09-30T22:00:36Z,R2026554
47347,Adam Schenk,+75000,750.0,2026-09-30T22:00:36Z,R2026554
32070,Rafael Campos,+75000,750.0,2026-09-30T22:00:36Z,R2026554
49120,Kensei Hirata,+75000,750.0,2026-09-30T22:00:36Z,R2026554
62798,Seonghyeon An,+75000,750.0,2026-09-30T22:00:36Z,R2026554
71475,Boston Bracken,+50000,500.0,2026-09-30T22:00:36Z,R2026554
32757,Patton Kizzire,+50000,500.0,2026-09-30T22:00:36Z,R2026554
29908,C.T. Pan,+50000,500.0,2026-09-30T22:00:36Z,R2026554
38991,Alejandro Tosti,+50000,500.0,2026-09-30T22:00:36Z,R2026554
47393,Jeffrey Kang,+50000,500.0,2026-09-30T22:00:36Z,R2026554
45157,Cam Davis,+50000,500.0,2026-09-30T22:00:36Z,R2026554
33413,Ben Martin,+35000,350.0,2026-09-30T22:00:36Z,R2026554
49964,Aaron Wise,+35000,350.0,2026-09-30T22:00:36Z,R2026554
51600,Jimmy Stanger,+35000,350.0,2026-09-30T22:00:36Z,R2026554
54607,Danny Walker,+35000,350.0,2026-09-30T22:00:36Z,R2026554
54783,Dylan Wu,+35000,350.0,2026-09-30T22:00:36Z,R2026554
59866,Nick Dunlap,+35000,350.0,2026-09-30T22:00:36Z,R2026554
51894,Vince Whaley,+35000,350.0,2026-09-30T22:00:36Z,R2026554
34466,Peter Malnati,+25000,250.0,2026-09-30T22:00:36Z,R2026554
40115,Adam Svensson,+25000,250.0,2026-09-30T22:00:36Z,R2026554
29535,Brice Garnett,+25000,250.0,2026-09-30T22:00:36Z,R2026554
27139,David Skinns,+25000,250.0,2026-09-30T22:00:36Z,R2026554
56762,Will Gordon,+25000,250.0,2026-09-30T22:00:36Z,R2026554
27214,Kevin Streelman,+22500,225.0,2026-09-30T22:00:36Z,R2026554
36824,Paul Peterson,+22500,225.0,2026-09-30T22:00:36Z,R2026554
36326,David Lipsky,+22500,225.0,2026-09-30T22:00:36Z,R2026554
49766,Hank Lebioda,+22500,225.0,2026-09-30T22:00:36Z,R2026554
47995,Davis Riley,+22500,225.0,2026-09-30T22:00:36Z,R2026554
67118,Kihei Akina,+22500,225.0,2026-09-30T22:00:36Z,R2026554
36801,Mark Hubbard,+17500,175.0,2026-09-30T22:00:36Z,R2026554
39327,Ben Silverman,+17500,175.0,2026-09-30T22:00:36Z,R2026554
54421,Garrick Higgo,+17500,175.0,2026-09-30T22:00:36Z,R2026554
55851,Pontus Nyholm,+17500,175.0,2026-09-30T22:00:36Z,R2026554
40006,Erik van Rooyen,+17500,175.0,2026-09-30T22:00:36Z,R2026554
60067,Joe Highsmith,+17500,175.0,2026-09-30T22:00:36Z,R2026554
45609,Tyler Duncan,+17500,175.0,2026-09-30T22:00:36Z,R2026554
35532,Tom Hoge,+15000,150.0,2026-09-30T22:00:36Z,R2026554
34256,Andrew Putnam,+15000,150.0,2026-09-30T22:00:36Z,R2026554
40162,Justin Lower,+15000,150.0,2026-09-30T22:00:36Z,R2026554
54788,Chandler Blanchet,+15000,150.0,2026-09-30T22:00:36Z,R2026554
50286,A.J. Ewart,+15000,150.0,2026-09-30T22:00:36Z,R2026554
50497,Adrien Dumont de Chassart,+15000,150.0,2026-09-30T22:00:36Z,R2026554
34076,Joel Dahmen,+12500,125.0,2026-09-30T22:00:36Z,R2026554
25900,Lucas Glover,+12500,125.0,2026-09-30T22:00:36Z,R2026554
47917,Takumi Kanaya,+12500,125.0,2026-09-30T22:00:36Z,R2026554
47983,Chad Ramey,+12500,125.0,2026-09-30T22:00:36Z,R2026554
55573,John VanDerLaan,+12500,125.0,2026-09-30T22:00:36Z,R2026554
50484,Hayden Springer,+12500,125.0,2026-09-30T22:00:36Z,R2026554
59006,Davis Chatfield,+12500,125.0,2026-09-30T22:00:36Z,R2026554
66743,Luke Clanton,+12500,125.0,2026-09-30T22:00:36Z,R2026554
40058,Zac Blair,+10000,100.0,2026-09-30T22:00:36Z,R2026554
36699,Patrick Rodgers,+10000,100.0,2026-09-30T22:00:36Z,R2026554
49947,Taylor Moore,+10000,100.0,2026-09-30T22:00:36Z,R2026554
29725,Tony Finau,+10000,100.0,2026-09-30T22:00:36Z,R2026554
52514,Trace Crowe,+10000,100.0,2026-09-30T22:00:36Z,R2026554
51950,Max McGreevy,+10000,100.0,2026-09-30T22:00:36Z,R2026554
54576,Patrick Fishburn,+10000,100.0,2026-09-30T22:00:36Z,R2026554
57586,Jesper Svensson,+10000,100.0,2026-09-30T22:00:36Z,R2026554
57900,Chandler Phillips,+10000,100.0,2026-09-30T22:00:36Z,R2026554
56781,Isaiah Salinda,+10000,100.0,2026-09-30T22:00:36Z,R2026554
64442,Gordon Sargent,+10000,100.0,2026-09-30T22:00:36Z,R2026554
28252,Seamus Power,+8000,80.0,2026-09-30T22:00:36Z,R2026554
54628,Lee Hodges,+8000,80.0,2026-09-30T22:00:36Z,R2026554
50095,Austin Smotherman,+8000,80.0,2026-09-30T22:00:36Z,R2026554
57123,Steven Fisk,+8000,80.0,2026-09-30T22:00:36Z,R2026554
48153,Matthieu Pavon,+8000,80.0,2026-09-30T22:00:36Z,R2026554
63343,Aldrich Potgieter,+8000,80.0,2026-09-30T22:00:36Z,R2026554
60386,Sudarshan Yellamaraju,+8000,80.0,2026-09-30T22:00:36Z,R2026554
47993,Denny McCarthy,+8000,80.0,2026-09-30T22:00:36Z,R2026554
31646,Emiliano Grillo,+7000,70.0,2026-09-30T22:00:36Z,R2026554
28723,John Parry,+7000,70.0,2026-09-30T22:00:36Z,R2026554
35506,Mackenzie Hughes,+7000,70.0,2026-09-30T22:00:36Z,R2026554
63121,William Mouw,+7000,70.0,2026-09-30T22:00:36Z,R2026554
65256,David Ford,+7000,70.0,2026-09-30T22:00:36Z,R2026554
35296,Haotong Li,+6500,65.0,2026-09-30T22:00:36Z,R2026554
25493,Nick Taylor,+6000,60.0,2026-09-30T22:00:36Z,R2026554
45522,Christiaan Bezuidenhout,+6000,60.0,2026-09-30T22:00:36Z,R2026554
48001,Zach Bauchou,+6000,60.0,2026-09-30T22:00:36Z,R2026554
36799,Stephan Jaeger,+6000,60.0,2026-09-30T22:00:36Z,R2026554
52689,Rasmus Neergaard-Petersen,+6000,60.0,2026-09-30T22:00:36Z,R2026554
37338,Zecheng Dou,+6000,60.0,2026-09-30T22:00:36Z,R2026554
63807,Neal Shipley,+6000,60.0,2026-09-30T22:00:36Z,R2026554
39335,Kevin Roy,+5500,55.0,2026-09-30T22:00:36Z,R2026554
35461,Beau Hossler,+5000,50.0,2026-09-30T22:00:36Z,R2026554
29420,Billy Horschel,+5000,50.0,2026-09-30T22:00:36Z,R2026554
51696,Rico Hoey,+5000,50.0,2026-09-30T22:00:36Z,R2026554
30926,Chris Kirk,+4500,45.0,2026-09-30T22:00:36Z,R2026554
36884,Ben Kohles,+4500,45.0,2026-09-30T22:00:36Z,R2026554
35658,Kristoffer Ventura,+4500,45.0,2026-09-30T22:00:36Z,R2026554
51977,Max Greyserman,+4500,45.0,2026-09-30T22:00:36Z,R2026554
59836,Pierceson Coody,+4500,45.0,2026-09-30T22:00:36Z,R2026554
52686,Rasmus Højgaard,+4500,45.0,2026-09-30T22:00:36Z,R2026554
39977,Max Homa,+4000,40.0,2026-09-30T22:00:36Z,R2026554
47591,Eric Cole,+4000,40.0,2026-09-30T22:00:36Z,R2026554
57975,Harry Hall,+4000,40.0,2026-09-30T22:00:36Z,R2026554
59143,Mac Meissner,+4000,40.0,2026-09-30T22:00:36Z,R2026554
58168,Davis Thompson,+3500,35.0,2026-09-30T22:00:36Z,R2026554
63454,Johnny Keefer,+3500,35.0,2026-09-30T22:00:36Z,R2026554
46464,Jordan Smith,+3300,33.0,2026-09-30T22:00:36Z,R2026554
45242,Kevin Yu,+3300,33.0,2026-09-30T22:00:36Z,R2026554
60019,Jackson Suber,+2700,27.0,2026-09-30T22:00:36Z,R2026554
51003,Marco Penge,+2500,25.0,2026-09-30T22:00:36Z,R2026554
48887,Matt Wallace,+2200,22.0,2026-09-30T22:00:36Z,R2026554
46442,Maverick McNealy,+2200,22.0,2026-09-30T22:00:36Z,R2026554
52375,Doug Ghim,+2200,22.0,2026-09-30T22:00:36Z,R2026554
61522,Michael Brennan,+1600,16.0,2026-09-30T22:00:36Z,R2026554
57869,Ben James,+1500,15.0,2026-09-30T22:00:36Z,R2026554
66701,Jackson Koivun,+1200,12.0,2026-09-30T22:00:36Z,R2026554
