SEASON,TOURNAMENT,PLAYER,ODDS,VEGAS_ODDS,ENDING_DATE,SCRAPED_AT
2026,Bank of Utah Championship,Jackson Koivun,12/1,12.0,2026-10-04,2026-09-29T18:00:39+00:00
2026,Bank of Utah Championship,Michael Brennan,16/1,16.0,2026-10-04,2026-09-29T18:00:39+00:00
2026,Bank of Utah Championship,Ben James,20/1,20.0,2026-10-04,2026-09-29T18:00:39+00:00
2026,Bank of Utah Championship,Maverick McNealy,20/1,20.0,2026-10-04,2026-09-29T18:00:39+00:00
2026,Bank of Utah Championship,Doug Ghim,25/1,25.0,2026-10-04,2026-09-29T18:00:39+00:00
2026,Bank of Utah Championship,Matt Wallace,25/1,25.0,2026-10-04,2026-09-29T18:00:39+00:00
2026,Bank of Utah Championship,Marco Penge,25/1,25.0,2026-10-04,2026-09-29T18:00:39+00:00
2026,Bank of Utah Championship,Jackson Suber,30/1,30.0,2026-10-04,2026-09-29T18:00:39+00:00
2026,Bank of Utah Championship,Davis Thompson,35/1,35.0,2026-10-04,2026-09-29T18:00:39+00:00
2026,Bank of Utah Championship,Kevin Yu,35/1,35.0,2026-10-04,2026-09-29T18:00:39+00:00
2026,Bank of Utah Championship,Matt McCarty,35/1,35.0,2026-10-04,2026-09-29T18:00:39+00:00
2026,Bank of Utah Championship,Johnny Keefer,40/1,40.0,2026-10-04,2026-09-29T18:00:39+00:00
2026,Bank of Utah Championship,Max Homa,40/1,40.0,2026-10-04,2026-09-29T18:00:39+00:00
2026,Bank of Utah Championship,Jordan Smith,40/1,40.0,2026-10-04,2026-09-29T18:00:39+00:00
2026,Bank of Utah Championship,Harry Hall,40/1,40.0,2026-10-04,2026-09-29T18:00:39+00:00
2026,Bank of Utah Championship,Mac Meissner,40/1,40.0,2026-10-04,2026-09-29T18:00:39+00:00
2026,Bank of Utah Championship,Eric Cole,45/1,45.0,2026-10-04,2026-09-29T18:00:39+00:00
2026,Bank of Utah Championship,Max Greyserman,45/1,45.0,2026-10-04,2026-09-29T18:00:39+00:00
2026,Bank of Utah Championship,Rico Hoey,45/1,45.0,2026-10-04,2026-09-29T18:00:39+00:00
2026,Bank of Utah Championship,Rasmus Hojgaard,45/1,45.0,2026-10-04,2026-09-29T18:00:39+00:00
2026,Bank of Utah Championship,Chris Kirk,50/1,50.0,2026-10-04,2026-09-29T18:00:39+00:00
2026,Bank of Utah Championship,Ben Kohles,50/1,50.0,2026-10-04,2026-09-29T18:00:39+00:00
2026,Bank of Utah Championship,Beau Hossler,50/1,50.0,2026-10-04,2026-09-29T18:00:39+00:00
2026,Bank of Utah Championship,Neal Shipley,50/1,50.0,2026-10-04,2026-09-29T18:00:39+00:00
2026,Bank of Utah Championship,Pierceson Coody,55/1,55.0,2026-10-04,2026-09-29T18:00:39+00:00
2026,Bank of Utah Championship,Nick Taylor,55/1,55.0,2026-10-04,2026-09-29T18:00:39+00:00
2026,Bank of Utah Championship,Kris Ventura,55/1,55.0,2026-10-04,2026-09-29T18:00:39+00:00
2026,Bank of Utah Championship,Stephan Jaeger,55/1,55.0,2026-10-04,2026-09-29T18:00:39+00:00
2026,Bank of Utah Championship,Christiaan Bezuidenhout,60/1,60.0,2026-10-04,2026-09-29T18:00:39+00:00
2026,Bank of Utah Championship,Rasmus Neergaard-Petersen,60/1,60.0,2026-10-04,2026-09-29T18:00:39+00:00
2026,Bank of Utah Championship,Haotong Li,60/1,60.0,2026-10-04,2026-09-29T18:00:39+00:00
2026,Bank of Utah Championship,Kevin Roy,60/1,60.0,2026-10-04,2026-09-29T18:00:39+00:00
2026,Bank of Utah Championship,Billy Horschel,65/1,65.0,2026-10-04,2026-09-29T18:00:39+00:00
2026,Bank of Utah Championship,Zecheng Dou,65/1,65.0,2026-10-04,2026-09-29T18:00:39+00:00
2026,Bank of Utah Championship,Emiliano Grillo,70/1,70.0,2026-10-04,2026-09-29T18:00:39+00:00
2026,Bank of Utah Championship,Zach Bauchou,70/1,70.0,2026-10-04,2026-09-29T18:00:39+00:00
2026,Bank of Utah Championship,John Parry,70/1,70.0,2026-10-04,2026-09-29T18:00:39+00:00
2026,Bank of Utah Championship,Lee Hodges,70/1,70.0,2026-10-04,2026-09-29T18:00:39+00:00
2026,Bank of Utah Championship,Mackenzie Hughes,70/1,70.0,2026-10-04,2026-09-29T18:00:39+00:00
2026,Bank of Utah Championship,Steven Fisk,75/1,75.0,2026-10-04,2026-09-29T18:00:39+00:00
2026,Bank of Utah Championship,Austin Eckroat,75/1,75.0,2026-10-04,2026-09-29T18:00:39+00:00
2026,Bank of Utah Championship,Denny McCarthy,80/1,80.0,2026-10-04,2026-09-29T18:00:39+00:00
2026,Bank of Utah Championship,William Mouw,80/1,80.0,2026-10-04,2026-09-29T18:00:39+00:00
2026,Bank of Utah Championship,Max McGreevy,80/1,80.0,2026-10-04,2026-09-29T18:00:39+00:00
2026,Bank of Utah Championship,Chandler Phillips,80/1,80.0,2026-10-04,2026-09-29T18:00:39+00:00
2026,Bank of Utah Championship,Seamus Power,80/1,80.0,2026-10-04,2026-09-29T18:00:39+00:00
2026,Bank of Utah Championship,Aldrich Potgieter,90/1,90.0,2026-10-04,2026-09-29T18:00:39+00:00
2026,Bank of Utah Championship,Tony Finau,100/1,100.0,2026-10-04,2026-09-29T18:00:39+00:00
2026,Bank of Utah Championship,Sudarshan Yellamaraju,100/1,100.0,2026-10-04,2026-09-29T18:00:39+00:00
2026,Bank of Utah Championship,David Ford,100/1,100.0,2026-10-04,2026-09-29T18:00:39+00:00
2026,Bank of Utah Championship,Taylor Moore,100/1,100.0,2026-10-04,2026-09-29T18:00:39+00:00
2026,Bank of Utah Championship,Zac Blair,100/1,100.0,2026-10-04,2026-09-29T18:00:39+00:00
2026,Bank of Utah Championship,Patrick Fishburn,100/1,100.0,2026-10-04,2026-09-29T18:00:39+00:00
2026,Bank of Utah Championship,Hayden Springer,100/1,100.0,2026-10-04,2026-09-29T18:00:39+00:00
2026,Bank of Utah Championship,Gordon Sargent,100/1,100.0,2026-10-04,2026-09-29T18:00:39+00:00
2026,Bank of Utah Championship,Matthieu Pavon,100/1,100.0,2026-10-04,2026-09-29T18:00:39+00:00
2026,Bank of Utah Championship,Austin Smotherman,100/1,100.0,2026-10-04,2026-09-29T18:00:39+00:00
2026,Bank of Utah Championship,Tom Hoge,125/1,125.0,2026-10-04,2026-09-29T18:00:39+00:00
2026,Bank of Utah Championship,Trace Crowe,125/1,125.0,2026-10-04,2026-09-29T18:00:39+00:00
2026,Bank of Utah Championship,Patrick Rodgers,125/1,125.0,2026-10-04,2026-09-29T18:00:39+00:00
2026,Bank of Utah Championship,Chad Ramey,125/1,125.0,2026-10-04,2026-09-29T18:00:39+00:00
2026,Bank of Utah Championship,Jesper Svensson,125/1,125.0,2026-10-04,2026-09-29T18:00:39+00:00
2026,Bank of Utah Championship,Luke Clanton,150/1,150.0,2026-10-04,2026-09-29T18:00:39+00:00
2026,Bank of Utah Championship,Garrick Higgo,150/1,150.0,2026-10-04,2026-09-29T18:00:39+00:00
2026,Bank of Utah Championship,Takumi Kanaya,150/1,150.0,2026-10-04,2026-09-29T18:00:39+00:00
2026,Bank of Utah Championship,Andrew Putnam,150/1,150.0,2026-10-04,2026-09-29T18:00:39+00:00
2026,Bank of Utah Championship,John VanDerLaan,150/1,150.0,2026-10-04,2026-09-29T18:00:39+00:00
2026,Bank of Utah Championship,Lucas Glover,150/1,150.0,2026-10-04,2026-09-29T18:00:39+00:00
2026,Bank of Utah Championship,Joel Dahmen,150/1,150.0,2026-10-04,2026-09-29T18:00:39+00:00
2026,Bank of Utah Championship,Isaiah Salinda,150/1,150.0,2026-10-04,2026-09-29T18:00:39+00:00
2026,Bank of Utah Championship,Justin Lower,175/1,175.0,2026-10-04,2026-09-29T18:00:39+00:00
2026,Bank of Utah Championship,Mark Hubbard,175/1,175.0,2026-10-04,2026-09-29T18:00:39+00:00
2026,Bank of Utah Championship,Chandler Blanchet,175/1,175.0,2026-10-04,2026-09-29T18:00:39+00:00
2026,Bank of Utah Championship,A.J. Ewart,175/1,175.0,2026-10-04,2026-09-29T18:00:39+00:00
2026,Bank of Utah Championship,Davis Chatfield,175/1,175.0,2026-10-04,2026-09-29T18:00:39+00:00
2026,Bank of Utah Championship,Adrien Dumont de Chassart,200/1,200.0,2026-10-04,2026-09-29T18:00:39+00:00
2026,Bank of Utah Championship,Pontus Nyholm,200/1,200.0,2026-10-04,2026-09-29T18:00:39+00:00
2026,Bank of Utah Championship,Erik van Rooyen,200/1,200.0,2026-10-04,2026-09-29T18:00:39+00:00
2026,Bank of Utah Championship,Kevin Streelman,225/1,225.0,2026-10-04,2026-09-29T18:00:39+00:00
2026,Bank of Utah Championship,Tyler Duncan,250/1,250.0,2026-10-04,2026-09-29T18:00:39+00:00
2026,Bank of Utah Championship,Joe Highsmith,250/1,250.0,2026-10-04,2026-09-29T18:00:39+00:00
2026,Bank of Utah Championship,David Lipsky,250/1,250.0,2026-10-04,2026-09-29T18:00:39+00:00
2026,Bank of Utah Championship,Paul Peterson,250/1,250.0,2026-10-04,2026-09-29T18:00:39+00:00
2026,Bank of Utah Championship,Davis Riley,250/1,250.0,2026-10-04,2026-09-29T18:00:39+00:00
2026,Bank of Utah Championship,Ben Silverman,250/1,250.0,2026-10-04,2026-09-29T18:00:39+00:00
2026,Bank of Utah Championship,Vince Whaley,250/1,250.0,2026-10-04,2026-09-29T18:00:39+00:00
2026,Bank of Utah Championship,Adam Svensson,300/1,300.0,2026-10-04,2026-09-29T18:00:39+00:00
2026,Bank of Utah Championship,David Skinns,300/1,300.0,2026-10-04,2026-09-29T18:00:39+00:00
2026,Bank of Utah Championship,Kihei Akina,300/1,300.0,2026-10-04,2026-09-29T18:00:39+00:00
2026,Bank of Utah Championship,Nick Dunlap,350/1,350.0,2026-10-04,2026-09-29T18:00:39+00:00
2026,Bank of Utah Championship,Hank Lebioda,350/1,350.0,2026-10-04,2026-09-29T18:00:39+00:00
2026,Bank of Utah Championship,Ben Martin,350/1,350.0,2026-10-04,2026-09-29T18:00:39+00:00
2026,Bank of Utah Championship,Aaron Wise,400/1,400.0,2026-10-04,2026-09-29T18:00:39+00:00
2026,Bank of Utah Championship,Jimmy Stanger,400/1,400.0,2026-10-04,2026-09-29T18:00:39+00:00
2026,Bank of Utah Championship,C.T. Pan,400/1,400.0,2026-10-04,2026-09-29T18:00:39+00:00
2026,Bank of Utah Championship,Dylan Wu,400/1,400.0,2026-10-04,2026-09-29T18:00:39+00:00
2026,Bank of Utah Championship,Brice Garnett,400/1,400.0,2026-10-04,2026-09-29T18:00:39+00:00
2026,Bank of Utah Championship,Will Gordon,400/1,400.0,2026-10-04,2026-09-29T18:00:39+00:00
2026,Bank of Utah Championship,Peter Malnati,400/1,400.0,2026-10-04,2026-09-29T18:00:39+00:00
2026,Bank of Utah Championship,Danny Walker,400/1,400.0,2026-10-04,2026-09-29T18:00:39+00:00
2026,Bank of Utah Championship,Cam Davis,500/1,500.0,2026-10-04,2026-09-29T18:00:39+00:00
2026,Bank of Utah Championship,Adam Schenk,500/1,500.0,2026-10-04,2026-09-29T18:00:39+00:00
2026,Bank of Utah Championship,Patton Kizzire,500/1,500.0,2026-10-04,2026-09-29T18:00:39+00:00
2026,Bank of Utah Championship,Rafael Campos,500/1,500.0,2026-10-04,2026-09-29T18:00:39+00:00
2026,Bank of Utah Championship,Alejandro Tosti,500/1,500.0,2026-10-04,2026-09-29T18:00:39+00:00
2026,Bank of Utah Championship,Jeffrey Kang,500/1,500.0,2026-10-04,2026-09-29T18:00:39+00:00
2026,Bank of Utah Championship,Boston Bracken,1000/1,1000.0,2026-10-04,2026-09-29T18:00:39+00:00
2026,Bank of Utah Championship,Kensei Hirata,1000/1,1000.0,2026-10-04,2026-09-29T18:00:39+00:00
2026,Bank of Utah Championship,Christo Lamprecht,1000/1,1000.0,2026-10-04,2026-09-29T18:00:39+00:00
2026,Bank of Utah Championship,Marcelo Rozo,1000/1,1000.0,2026-10-04,2026-09-29T18:00:39+00:00
2026,Bank of Utah Championship,Michael Thompson,1000/1,1000.0,2026-10-04,2026-09-29T18:00:39+00:00
2026,Bank of Utah Championship,Seonghyeon An,2000/1,2000.0,2026-10-04,2026-09-29T18:00:39+00:00
2026,Bank of Utah Championship,Carson Lundell,2000/1,2000.0,2026-10-04,2026-09-29T18:00:39+00:00
2026,Bank of Utah Championship,Rhett Rasmussen,2000/1,2000.0,2026-10-04,2026-09-29T18:00:39+00:00
2026,Bank of Utah Championship,Tyson Shelley,2000/1,2000.0,2026-10-04,2026-09-29T18:00:39+00:00
2026,Bank of Utah Championship,Matt Snyder,2000/1,2000.0,2026-10-04,2026-09-29T18:00:39+00:00
2026,Bank of Utah Championship,Brendon Todd,2000/1,2000.0,2026-10-04,2026-09-29T18:00:39+00:00
2026,Bank of Utah Championship,Bowen Mauss,3000/1,3000.0,2026-10-04,2026-09-29T18:00:39+00:00
2026,Bank of Utah Championship,Zach J. Johnson,3000/1,3000.0,2026-10-04,2026-09-29T18:00:39+00:00
2026,Bank of Utah Championship,David Lingmerth,3000/1,3000.0,2026-10-04,2026-09-29T18:00:39+00:00
2026,Bank of Utah Championship,72 Hole Winning Score:,71,,2026-10-04,2026-09-29T18:00:39+00:00
2026,Bank of Utah Championship,Over 261.5,115,,2026-10-04,2026-09-29T18:00:39+00:00
2026,Bank of Utah Championship,Under 261.5,115,,2026-10-04,2026-09-29T18:00:39+00:00
