PLAYER,SALARY,P_TOP20,SCORE,MODEL_SCORE,ODDS_SHARE,LEVERAGE,VEGAS_ODDS,SG_FORM,PCT_FORM_SHRUNK,SG_CH_SHRUNK,CUT_PERCENTAGE,FEDEX_CUP_POINTS,OWGR_RANK,player_id
Jackson Koivun,10800,0.516,1.0,0.7532,0.0527,0.0,12.0,1.43,0.304,0.0,87.5,730.0,58.0,66701
Ben James,9900,0.469,0.9913,0.7109,0.0428,0.0,15.0,1.26,0.34,0.0,88.9,665.0,92.0,57869
Michael Brennan,10200,0.418,0.9652,0.671,0.0403,-4.0,16.0,0.83,0.393,2.7,83.3,1040.0,33.0,61522
Doug Ghim,9500,0.414,0.9674,0.6962,0.0298,1.5,22.0,0.79,0.357,-0.07,72.2,428.0,156.0,52375
Maverick McNealy,9600,0.398,0.9783,0.7088,0.0326,1.0,20.0,1.13,0.331,-0.55,90.5,1100.0,48.0,46442
Matt Wallace,9700,0.388,0.963,0.6953,0.0298,0.5,22.0,0.71,0.405,-1.05,70.6,545.0,54.0,48887
Marco Penge,9400,0.38,0.9435,0.6697,0.0263,-1.0,25.0,0.38,0.467,0.0,62.5,389.0,53.0,51003
Jackson Suber,9300,0.363,0.9478,0.6752,0.0245,2.0,27.0,0.59,0.393,1.2,68.4,554.0,94.0,60019
Kevin Yu,9200,0.356,0.9283,0.6577,0.0201,0.5,33.0,0.58,0.431,1.2,60.0,472.0,105.0,45242
Jordan Smith,8000,0.356,0.9196,0.6492,0.0201,-1.5,33.0,0.54,0.387,0.0,76.2,638.0,73.0,46464
Johnny Keefer,8400,0.339,0.8935,0.6373,0.019,-3.5,35.0,0.36,0.442,0.0,66.7,589.0,66.0,63454
Ben Kohles,7800,0.335,0.8848,0.6533,0.0149,8.5,45.0,0.57,0.307,0.73,83.3,450.0,95.0,36884
Davis Thompson,9100,0.325,0.8891,0.632,0.019,-4.5,35.0,0.42,0.388,-1.3,65.0,459.0,123.0,58168
Mac Meissner,8600,0.317,0.8913,0.6415,0.0167,1.0,40.0,0.39,0.411,1.03,66.7,504.0,88.0,59143
Max Homa,8800,0.316,0.8109,0.6138,0.0149,-8.5,45.0,0.42,0.419,1.53,75.0,811.0,74.0,39977
Kevin Roy,7600,0.3,0.8435,0.6403,0.0134,10.0,50.0,0.22,0.376,-0.47,76.2,484.0,115.0,39335
Chris Kirk,8100,0.298,0.8761,0.649,0.0149,6.5,45.0,0.33,0.459,0.69,63.2,296.0,106.0,30926
Harry Hall,8900,0.294,0.8696,0.6302,0.0167,-4.0,40.0,0.49,0.481,0.69,56.5,777.0,69.0,57975
Beau Hossler,8300,0.29,0.8304,0.6304,0.0134,7.0,50.0,0.33,0.407,0.36,63.2,550.0,98.0,35461
Rico Hoey,8200,0.288,0.8087,0.6269,0.0134,2.0,50.0,0.13,0.422,1.83,81.8,335.0,110.0,51696
Kris Ventura,7400,0.284,0.8457,0.6296,0.0149,-0.5,45.0,0.06,0.503,1.36,33.3,240.0,195.0,35658
Max Greyserman,7900,0.282,0.8196,0.62,0.0149,-6.5,45.0,0.25,0.453,0.0,60.9,444.0,87.0,51977
Eric Cole,8500,0.274,0.8609,0.6292,0.0167,-6.0,40.0,0.51,0.403,0.0,75.0,854.0,78.0,47591
Billy Horschel,7600,0.273,0.813,0.6278,0.0134,3.0,50.0,0.11,0.49,1.36,58.3,356.0,164.0,29420
Pierceson Coody,7700,0.273,0.7913,0.6155,0.0134,-2.0,50.0,0.11,0.405,1.18,70.8,801.0,70.0,59836
Rasmus Hojgaard,8700,0.271,0.8239,0.6205,0.0149,-5.5,45.0,-0.1,0.411,0.0,72.2,370.0,75.0,52686
Zach Bauchou,7300,0.266,0.7913,0.6228,0.0122,4.0,55.0,0.39,0.364,0.0,76.2,460.0,152.0,48001
Rasmus Neergaard-Petersen,7500,0.259,0.75,0.5954,0.0112,1.5,60.0,0.23,0.438,0.0,70.6,321.0,72.0,52689
Nick Taylor,7800,0.256,0.7543,0.5964,0.0112,2.5,60.0,0.39,0.394,0.85,91.7,673.0,85.0,25493
Neal Shipley,7900,0.253,0.737,0.5858,0.0112,-1.5,60.0,-0.01,0.516,0.0,45.0,222.0,166.0,63807
Zecheng Dou,7300,0.246,0.7457,0.5933,0.0112,0.5,60.0,0.21,0.434,0.0,57.1,369.0,175.0,37338
Christiaan Bezuidenhout,7600,0.238,0.7413,0.589,0.0112,-0.5,60.0,0.46,0.35,0.36,81.0,401.0,102.0,45522
Emiliano Grillo,7400,0.232,0.6957,0.5744,0.0096,2.0,70.0,0.22,0.459,0.76,57.1,361.0,113.0,31646
Stephan Jaeger,7700,0.23,0.7196,0.5732,0.0112,-5.5,60.0,-0.04,0.409,2.03,65.0,499.0,128.0,36799
John Parry,7500,0.224,0.7,0.5782,0.0096,3.0,70.0,0.29,0.356,0.0,81.0,445.0,101.0,28723
Sudarshan Yellamaraju,7200,0.224,0.6587,0.5697,0.0085,6.5,80.0,0.25,0.415,0.0,68.2,748.0,108.0,60386
Mackenzie Hughes,7500,0.224,0.6565,0.561,0.0096,-7.0,70.0,0.26,0.416,0.0,70.0,314.0,161.0,35506
Haotong Li,7500,0.222,0.687,0.5657,0.0104,-6.0,65.0,-0.29,0.508,0.0,40.9,283.0,116.0,35296
David Ford,7100,0.217,0.6826,0.5685,0.0096,-1.0,70.0,-0.41,0.455,1.7,60.0,128.0,373.0,65256
William Mouw,7100,0.217,0.7043,0.5784,0.0096,4.0,70.0,-0.12,0.465,-1.3,60.0,284.0,147.0,63121
Lee Hodges,7300,0.212,0.6326,0.5617,0.0085,0.5,80.0,0.09,0.441,0.99,58.8,362.0,142.0,54628
Seamus Power,7300,0.21,0.6109,0.5576,0.0085,-4.5,80.0,0.15,0.414,0.53,66.7,353.0,190.0,28252
Max McGreevy,7100,0.209,0.6065,0.5674,0.0068,14.5,100.0,-0.07,0.478,1.53,50.0,252.0,131.0,51950
Denny McCarthy,7200,0.208,0.6065,0.5571,0.0085,-5.5,80.0,0.18,0.47,0.0,73.9,473.0,97.0,47993
Chandler Phillips,7200,0.208,0.5978,0.5555,0.0085,-7.5,80.0,0.1,0.424,-0.49,60.0,452.0,138.0,57900
Joel Dahmen,6800,0.205,0.55,0.5553,0.0068,1.5,100.0,-0.19,0.483,0.24,55.0,274.0,243.0,34076
Zac Blair,7000,0.205,0.5457,0.5541,0.0068,0.5,100.0,0.34,0.386,0.03,76.9,272.0,144.0,40058
Jesper Svensson,7000,0.205,0.5283,0.5488,0.0068,-3.5,100.0,-0.6,0.486,1.2,43.8,240.0,193.0,57586
Austin Smotherman,7000,0.203,0.5761,0.5592,0.0068,7.5,100.0,-0.24,0.461,-0.02,60.0,545.0,121.0,50095
Tony Finau,7200,0.202,0.5804,0.5593,0.0068,8.5,100.0,-0.41,0.473,0.0,72.7,416.0,151.0,29725
Patrick Fishburn,7000,0.2,0.5717,0.5585,0.0068,6.5,100.0,-0.14,0.449,-0.49,61.1,159.0,256.0,54576
Isaiah Salinda,6700,0.197,0.5587,0.5559,0.0068,3.5,100.0,-0.71,0.51,0.36,50.0,41.0,389.0,56781
Steven Fisk,7200,0.195,0.6413,0.5626,0.0085,2.5,80.0,-0.07,0.45,-0.8,57.1,613.0,82.0,57123
Trace Crowe,6900,0.192,0.537,0.5525,0.0068,-1.5,100.0,-0.31,0.471,0.02,54.5,76.0,261.0,52514
Gordon Sargent,6900,0.191,0.5326,0.5492,0.0068,-2.5,100.0,-0.56,0.514,-0.24,35.3,211.0,331.0,64442
Patrick Rodgers,7000,0.186,0.5109,0.5385,0.0068,-7.5,100.0,-0.25,0.446,1.23,77.3,657.0,107.0,36699
Aldrich Potgieter,7100,0.186,0.5848,0.5531,0.0085,-10.5,80.0,-0.5,0.535,-0.24,47.6,599.0,91.0,63343
Taylor Moore,6900,0.185,0.5239,0.5441,0.0068,-4.5,100.0,-0.26,0.441,-0.97,62.5,366.0,185.0,49947
Lucas Glover,6900,0.183,0.4739,0.5405,0.0054,3.0,125.0,-0.51,0.538,1.85,60.0,401.0,124.0,25900
John VanDerLaan,6800,0.182,0.4783,0.5407,0.0054,4.0,125.0,-0.49,0.499,0.0,45.0,151.0,293.0,55573
Matthieu Pavon,6700,0.18,0.637,0.5622,0.0085,1.5,80.0,-0.79,0.481,0.0,45.0,222.0,258.0,48153
Chad Ramey,6900,0.175,0.4609,0.5318,0.0054,0.0,125.0,-0.32,0.442,1.03,66.7,235.0,200.0,47983
Davis Chatfield,6800,0.174,0.4478,0.5224,0.0054,-3.0,125.0,-0.06,0.486,0.0,45.0,206.0,248.0,59006
Luke Clanton,6600,0.17,0.4565,0.5299,0.0054,-1.0,125.0,-0.62,0.513,-0.14,44.4,142.0,340.0,66743
Takumi Kanaya,6700,0.165,0.4652,0.5375,0.0054,1.0,125.0,-0.22,0.469,0.7,57.1,173.0,188.0,47917
Hayden Springer,7100,0.165,0.4522,0.5272,0.0054,-2.0,125.0,-0.1,0.455,0.68,50.0,96.0,280.0,50484
Pontus Nyholm,6500,0.147,0.4043,0.5134,0.0045,1.0,150.0,-0.57,0.468,0.0,50.0,215.0,284.0,55851
Tom Hoge,6800,0.144,0.4087,0.5145,0.0045,2.0,150.0,-0.28,0.532,0.36,64.0,439.0,141.0,35532
Justin Lower,6700,0.143,0.3957,0.5115,0.0045,-1.0,150.0,-0.6,0.49,1.31,52.9,92.0,349.0,40162
Chandler Blanchet,6600,0.143,0.3913,0.5088,0.0045,-2.0,150.0,-0.57,0.518,-0.68,47.8,350.0,130.0,54788
Erik van Rooyen,6500,0.143,0.4,0.5122,0.0045,0.0,150.0,-0.58,0.525,0.35,40.0,133.0,226.0,40006
Ben Silverman,6600,0.14,0.3565,0.5072,0.0039,2.0,175.0,-0.4,0.453,1.7,46.2,200.0,265.0,39327
Mark Hubbard,6600,0.139,0.3522,0.5068,0.0039,1.0,175.0,-0.47,0.517,-0.66,57.1,282.0,160.0,36801
Andrew Putnam,6600,0.137,0.3696,0.5054,0.0045,-7.0,150.0,0.06,0.416,-1.05,76.2,542.0,109.0,34256
A.J. Ewart,6700,0.133,0.3304,0.4928,0.0039,-4.0,175.0,-0.04,0.399,0.0,66.7,359.0,198.0,50286
Garrick Higgo,6700,0.129,0.3739,0.5058,0.0045,-6.0,150.0,-0.64,0.563,-1.18,42.1,100.0,134.0,54421
Joe Highsmith,6400,0.122,0.3609,0.5087,0.0039,3.0,175.0,-0.82,0.531,0.86,54.5,138.0,247.0,60067
Adrien Dumont de Chassart,6800,0.12,0.3217,0.4781,0.0039,-6.0,175.0,-0.32,0.446,-0.68,55.0,228.0,210.0,50497
Kevin Streelman,6500,0.112,0.3022,0.4838,0.003,0.5,225.0,-0.36,0.452,0.61,53.3,140.0,433.0,27214
Hank Lebioda,6300,0.107,0.2935,0.4749,0.003,-1.5,225.0,-0.62,0.504,0.0,55.0,135.0,281.0,49766
David Lipsky,6400,0.105,0.2848,0.4717,0.003,-3.5,225.0,-0.47,0.491,0.43,55.6,481.0,136.0,36326
Paul Peterson,6400,0.105,0.2891,0.4745,0.003,-2.5,225.0,-0.28,0.442,0.03,54.5,135.0,296.0,36824
David Skinns,6500,0.103,0.2587,0.4636,0.0027,0.5,250.0,-0.56,0.395,-0.32,66.7,196.0,302.0,27139
Brice Garnett,6300,0.095,0.2457,0.4564,0.0027,-2.5,250.0,-0.76,0.516,-1.16,35.0,204.0,311.0,29535
Peter Malnati,6300,0.095,0.237,0.4463,0.0027,-4.5,250.0,-0.73,0.498,-0.43,52.6,134.0,522.0,34466
Adam Svensson,6500,0.092,0.25,0.4567,0.0027,-1.5,250.0,-0.85,0.506,0.43,47.4,78.0,528.0,40115
Davis Riley,6300,0.092,0.2761,0.4588,0.003,-5.5,225.0,-1.03,0.519,0.0,45.5,316.0,132.0,47995
Aaron Wise,6400,0.079,0.2022,0.4444,0.002,-0.5,350.0,-0.65,0.531,0.0,30.8,136.0,480.0,49964
Ben Martin,6400,0.079,0.2065,0.4453,0.002,0.5,350.0,-0.83,0.537,-0.3,30.0,45.0,469.0,33413
Matt McCarty,9000,0.079,0.1739,0.4984,0.0003,34.0,1000.0,0.19,0.473,2.53,68.0,832.0,76.0,59141
Kihei Akina,6600,0.077,0.2022,0.4007,0.003,-22.5,225.0,-1.24,0.447,-1.32,100.0,0.0,,67118
Jimmy Stanger,6300,0.076,0.2152,0.4558,0.002,2.5,350.0,-1.1,0.48,0.0,41.2,192.0,363.0,51600
Taylor Pendrith,7400,0.076,0.2261,0.5197,0.0003,46.0,1000.0,-0.15,0.504,0.0,62.5,458.0,104.0,40250
Dylan Wu,6400,0.076,0.1978,0.4427,0.002,-1.5,350.0,-0.79,0.502,-1.51,50.0,107.0,442.0,54783
Austin Eckroat,7400,0.074,0.1783,0.5029,0.0003,35.0,1000.0,0.07,0.41,0.0,75.0,249.0,203.0,57362
Vince Whaley,6500,0.072,0.1935,0.4383,0.002,-2.5,350.0,-0.67,0.527,-0.37,38.1,95.0,220.0,51894
Danny Walker,6200,0.066,0.1891,0.4351,0.002,-3.5,350.0,-1.2,0.513,-0.8,47.6,110.0,323.0,54607
Patton Kizzire,6100,0.061,0.1391,0.4059,0.0014,-2.0,500.0,-1.27,0.533,0.63,35.3,109.0,541.0,32757
C.T. Pan,6100,0.058,0.0957,0.3299,0.0014,-12.0,500.0,-1.93,0.522,-0.18,0.0,0.0,,29908
Nick Dunlap,6300,0.058,0.163,0.4021,0.002,-9.5,350.0,-1.5,0.528,-0.3,41.2,81.0,454.0,59866
Jeffrey Kang,6100,0.056,0.1565,0.4284,0.0014,2.0,500.0,-1.01,0.563,0.0,31.6,43.0,318.0,47393
Alejandro Tosti,6200,0.054,0.1717,0.4084,0.002,-7.5,350.0,-1.66,0.578,0.35,19.0,54.0,493.0,38991
Rafael Campos,6100,0.049,0.1304,0.419,0.0009,4.0,750.0,-1.15,0.543,-0.16,26.3,104.0,642.0,32070
Boston Bracken,6200,0.046,0.087,0.2831,0.0014,-14.0,500.0,-0.55,0.8,0.0,59.1,0.0,,71475
Adam Schenk,6200,0.044,0.1348,0.4262,0.0009,5.0,750.0,-1.03,0.559,0.2,38.1,123.0,218.0,47347
Cam Davis,6200,0.044,0.113,0.361,0.0014,-8.0,500.0,-1.7,0.575,0.0,31.2,49.0,395.0,45157
Kensei Hirata,6000,0.042,0.113,0.4013,0.0009,0.0,750.0,-1.42,0.542,0.0,40.0,94.0,391.0,49120
Michael Thompson,6200,0.032,0.0717,0.3496,0.0007,-0.5,1000.0,-1.9,0.511,0.0,100.0,3.0,,32150
Marcelo Rozo,6000,0.032,0.0848,0.3803,0.0007,2.5,1000.0,-1.63,0.597,0.0,20.0,13.0,639.0,37076
Christo Lamprecht,6000,0.032,0.0804,0.3676,0.0007,1.5,1000.0,-1.91,0.571,0.0,26.3,26.0,360.0,54422
Bowen Mauss,6000,0.03,0.0457,0.2746,0.0007,-6.5,1000.0,-0.84,0.8,-1.93,59.1,0.0,,67803
David Lingmerth,6000,0.024,0.0543,0.3051,0.0007,-4.5,1000.0,-2.38,0.8,0.0,59.1,0.0,,34409
Brendon Todd,6100,0.022,0.063,0.3384,0.0007,-2.5,1000.0,-2.24,0.591,0.0,14.3,2.0,,30927
K.H. Lee,6100,0.019,0.0435,0.3386,0.0003,4.0,1000.0,-1.71,0.587,0.19,0.0,0.0,998.0,32791
Zach Johnson (29747),6000,0.015,0.0174,0.2743,0.0003,-2.0,1000.0,-0.55,0.8,0.0,59.1,0.0,,29747
