PLAYER,SALARY,P_TOP20,SCORE,MODEL_SCORE,ODDS_SHARE,LEVERAGE,VEGAS_ODDS,SG_FORM,PCT_FORM_SHRUNK,SG_CH_SHRUNK,CUT_PERCENTAGE,FEDEX_CUP_POINTS,OWGR_RANK
Jackson Koivun,10800,0.494,1.0,0.7559,0.0548,0.0,12.0,1.53,0.304,0.0,87.5,730.0,178.0
Maverick McNealy,9600,0.452,0.9848,0.7161,0.0339,1.5,20.0,0.8,0.331,-0.55,90.5,1100.0,21.0
Michael Brennan,10200,0.449,0.9826,0.7021,0.0419,-2.0,16.0,0.72,0.393,2.7,83.3,1040.0,34.0
Ben James,9900,0.431,0.9804,0.7035,0.0339,0.5,20.0,1.46,0.34,0.0,88.9,665.0,1000.0
Doug Ghim,9500,0.404,0.9565,0.6788,0.0274,0.0,25.0,1.02,0.357,-0.07,72.2,428.0,148.0
Matt Wallace,9700,0.382,0.9609,0.683,0.0274,1.0,25.0,0.74,0.405,-1.05,70.6,545.0,75.0
Marco Penge,9400,0.373,0.9522,0.672,0.0274,-1.0,25.0,0.38,0.467,0.0,62.5,389.0,29.0
Kevin Yu,9200,0.348,0.9261,0.6675,0.0198,1.0,35.0,0.76,0.431,1.2,60.0,472.0,90.0
Jackson Suber,9300,0.346,0.9391,0.6688,0.023,0.0,30.0,0.71,0.393,1.2,68.4,554.0,183.0
Davis Thompson,9100,0.345,0.9217,0.65,0.0198,0.0,35.0,0.61,0.388,-1.3,65.0,459.0,92.0
Jordan Smith,8000,0.328,0.9,0.6465,0.0174,3.0,40.0,0.46,0.387,0.0,76.2,638.0,89.0
Max Greyserman,7900,0.321,0.837,0.6259,0.0155,-2.5,45.0,0.28,0.453,0.0,60.9,444.0,32.0
Mac Meissner,8600,0.321,0.8913,0.6421,0.0174,1.0,40.0,0.48,0.411,1.03,66.7,504.0,103.0
Matt McCarty,9000,0.32,0.8826,0.6274,0.0198,-9.0,35.0,-0.06,0.473,2.53,68.0,832.0,55.0
Johnny Keefer,8400,0.318,0.8957,0.6462,0.0174,2.0,40.0,0.43,0.442,0.0,66.7,589.0,48.0
Ben Kohles,7800,0.314,0.8457,0.6397,0.014,7.5,50.0,1.1,0.307,0.73,83.3,450.0,261.0
Rico Hoey,8200,0.314,0.8543,0.6343,0.0155,1.5,45.0,0.33,0.422,1.83,81.8,335.0,69.0
Max Homa,8800,0.314,0.887,0.6418,0.0174,0.0,40.0,0.34,0.419,1.53,75.0,811.0,140.0
Beau Hossler,8300,0.305,0.7978,0.6188,0.014,-3.5,50.0,0.62,0.407,0.36,63.2,550.0,134.0
Eric Cole,8500,0.305,0.8109,0.616,0.0155,-8.5,45.0,0.43,0.403,0.0,75.0,854.0,110.0
Chris Kirk,8100,0.303,0.8413,0.6363,0.014,6.5,50.0,0.4,0.459,0.69,63.2,296.0,78.0
Kevin Roy,7600,0.293,0.7674,0.6199,0.0117,5.5,60.0,0.41,0.376,-0.47,76.2,484.0,147.0
Harry Hall,8900,0.29,0.8478,0.6209,0.0174,-9.0,40.0,0.28,0.481,0.69,56.5,777.0,60.0
Rasmus Hojgaard,8700,0.284,0.8022,0.6093,0.0155,-10.5,45.0,-0.01,0.411,0.0,72.2,370.0,40.0
Nick Taylor,7800,0.28,0.8065,0.6272,0.0127,6.5,55.0,0.18,0.394,0.85,91.7,673.0,57.0
Rasmus Neergaard-Petersen,7500,0.277,0.7717,0.6204,0.0117,6.5,60.0,0.32,0.438,0.0,70.6,321.0,49.0
Pierceson Coody,7700,0.277,0.7978,0.6222,0.0127,4.5,55.0,0.06,0.405,1.18,70.8,801.0,96.0
Christiaan Bezuidenhout,7600,0.272,0.7543,0.6116,0.0117,2.5,60.0,0.67,0.35,0.36,81.0,401.0,79.0
Stephan Jaeger,7700,0.272,0.7457,0.5865,0.0127,-7.5,55.0,0.15,0.409,2.03,65.0,499.0,108.0
Neal Shipley,7900,0.272,0.8326,0.6321,0.014,4.5,50.0,0.17,0.516,0.0,45.0,222.0,93.0
Zach Bauchou,7300,0.255,0.6783,0.5794,0.01,-2.0,70.0,0.7,0.364,0.0,76.2,460.0,206.0
Mackenzie Hughes,7500,0.247,0.6826,0.5817,0.01,-1.0,70.0,0.45,0.416,0.0,70.0,314.0,91.0
John Parry,7500,0.247,0.6739,0.5786,0.01,-3.0,70.0,0.41,0.356,0.0,81.0,445.0,82.0
Lee Hodges,7300,0.247,0.7043,0.5928,0.01,4.0,70.0,0.3,0.441,0.99,58.8,362.0,138.0
Steven Fisk,7200,0.246,0.6935,0.5995,0.0094,8.5,75.0,0.15,0.45,-0.8,57.1,613.0,104.0
Haotong Li,7500,0.242,0.7457,0.6072,0.0117,0.5,60.0,-0.15,0.508,0.0,40.9,283.0,87.0
Billy Horschel,7600,0.238,0.7022,0.5822,0.0108,-3.5,65.0,0.17,0.49,1.36,58.3,356.0,53.0
Emiliano Grillo,7400,0.235,0.6565,0.573,0.01,-7.0,70.0,0.37,0.459,0.76,57.1,361.0,102.0
Zecheng Dou,7300,0.235,0.7065,0.586,0.0108,-2.5,65.0,0.49,0.434,0.0,57.1,369.0,215.0
Austin Eckroat,7400,0.235,0.6239,0.5517,0.0094,-7.5,75.0,0.25,0.41,0.0,75.0,249.0,123.0
Kris Ventura,7400,0.235,0.7587,0.6068,0.0127,-4.5,55.0,0.2,0.542,1.36,20.0,127.0,217.0
Max McGreevy,7100,0.231,0.6217,0.5691,0.0088,-1.0,80.0,0.12,0.478,1.53,50.0,252.0,67.0
Seamus Power,7300,0.223,0.6652,0.5861,0.0088,9.0,80.0,0.43,0.414,0.53,66.7,353.0,160.0
Sudarshan Yellamaraju,7200,0.221,0.5761,0.5521,0.0071,5.5,100.0,0.24,0.415,0.0,68.2,748.0,278.0
Zac Blair,7000,0.22,0.563,0.5509,0.0071,2.5,100.0,0.61,0.386,0.03,76.9,272.0,269.0
Patrick Fishburn,7000,0.218,0.5674,0.5514,0.0071,3.5,100.0,0.14,0.449,-0.49,61.1,159.0,126.0
Denny McCarthy,7200,0.215,0.6348,0.5784,0.0088,2.0,80.0,0.13,0.47,0.0,73.9,473.0,72.0
Chandler Phillips,7200,0.214,0.6304,0.5747,0.0088,1.0,80.0,0.33,0.424,-0.49,60.0,452.0,155.0
Tony Finau,7200,0.209,0.5239,0.5295,0.0071,-6.5,100.0,-0.46,0.473,0.0,72.7,416.0,94.0
William Mouw,7100,0.207,0.6391,0.5786,0.0088,3.0,80.0,0.05,0.465,-1.3,60.0,284.0,115.0
Austin Smotherman,7000,0.198,0.5587,0.5476,0.0071,1.5,100.0,-0.18,0.461,-0.02,60.0,545.0,130.0
Taylor Moore,6900,0.198,0.55,0.5429,0.0071,-0.5,100.0,-0.06,0.441,-0.97,62.5,366.0,165.0
David Ford,7100,0.196,0.5804,0.5537,0.0071,6.5,100.0,-0.09,0.455,1.7,60.0,128.0,501.0
Aldrich Potgieter,7100,0.193,0.513,0.5101,0.0078,-20.0,90.0,-0.64,0.535,-0.24,47.6,599.0,83.0
Hayden Springer,7100,0.192,0.5543,0.5432,0.0071,0.5,100.0,0.13,0.455,0.68,50.0,96.0,213.0
Gordon Sargent,6900,0.184,0.537,0.5382,0.0071,-3.5,100.0,-0.2,0.514,-0.24,35.3,211.0,945.0
Patrick Rodgers,7000,0.18,0.5,0.5368,0.0057,3.0,125.0,-0.39,0.446,1.23,77.3,657.0,121.0
Matthieu Pavon,6700,0.178,0.4935,0.5156,0.0071,-13.5,100.0,-0.56,0.481,0.0,45.0,222.0,236.0
Jesper Svensson,7000,0.178,0.4739,0.519,0.0057,-3.0,125.0,-0.4,0.486,1.2,43.8,240.0,143.0
Chad Ramey,6900,0.175,0.4957,0.5344,0.0057,2.0,125.0,-0.04,0.442,1.03,66.7,235.0,167.0
Tom Hoge,6800,0.171,0.487,0.5252,0.0057,0.0,125.0,-0.3,0.532,0.36,64.0,439.0,99.0
Trace Crowe,6900,0.168,0.513,0.5429,0.0057,6.0,125.0,-0.09,0.471,0.02,54.5,76.0,182.0
Joel Dahmen,6800,0.162,0.437,0.5159,0.0047,1.5,150.0,0.05,0.483,0.24,55.0,274.0,213.0
Takumi Kanaya,6700,0.16,0.4804,0.5384,0.0047,11.5,150.0,0.06,0.469,0.7,57.1,173.0,116.0
Lucas Glover,6900,0.157,0.4239,0.5083,0.0047,-1.5,150.0,-0.54,0.538,1.85,60.0,401.0,64.0
John VanDerLaan,6800,0.156,0.45,0.5204,0.0047,4.5,150.0,-0.18,0.499,0.0,45.0,151.0,262.0
Luke Clanton,6600,0.151,0.3935,0.4992,0.0047,-8.5,150.0,-0.31,0.513,-0.14,44.4,142.0,175.0
A.J. Ewart,6700,0.148,0.3696,0.4993,0.004,-1.0,175.0,0.24,0.399,0.0,66.7,359.0,495.0
Garrick Higgo,6700,0.148,0.3848,0.497,0.0047,-10.5,150.0,-0.44,0.563,-1.18,42.1,100.0,66.0
Andrew Putnam,6600,0.148,0.4543,0.521,0.0047,5.5,150.0,0.11,0.416,-1.05,76.2,542.0,180.0
Davis Chatfield,6800,0.148,0.3826,0.5023,0.004,2.0,175.0,0.29,0.486,0.0,45.0,206.0,224.0
Isaiah Salinda,6700,0.14,0.4196,0.5077,0.0047,-2.5,150.0,-0.35,0.51,0.36,50.0,41.0,218.0
Mark Hubbard,6600,0.136,0.387,0.5063,0.004,3.0,175.0,-0.32,0.517,-0.66,57.1,282.0,120.0
Chandler Blanchet,6600,0.136,0.3522,0.4945,0.004,-5.0,175.0,-0.56,0.518,-0.68,47.8,350.0,118.0
Justin Lower,6700,0.129,0.3609,0.4992,0.004,-3.0,175.0,-0.27,0.49,1.31,52.9,92.0,157.0
Erik van Rooyen,6500,0.128,0.3304,0.4898,0.0035,-2.0,200.0,-0.36,0.525,0.35,40.0,133.0,113.0
Adrien Dumont de Chassart,6800,0.125,0.3565,0.5017,0.0035,4.0,200.0,-0.13,0.446,-0.68,55.0,228.0,156.0
Pontus Nyholm,6500,0.125,0.3609,0.5018,0.0035,5.0,200.0,-0.27,0.468,0.0,50.0,215.0,265.0
Ben Silverman,6600,0.116,0.3022,0.4871,0.0028,2.5,250.0,0.25,0.453,1.7,46.2,200.0,230.0
Kevin Streelman,6500,0.114,0.313,0.4867,0.0032,-2.0,225.0,-0.04,0.452,0.61,53.3,140.0,442.0
David Skinns,6500,0.112,0.2609,0.4705,0.0024,2.0,300.0,-0.13,0.395,-0.32,66.7,196.0,271.0
Vince Whaley,6500,0.107,0.2891,0.4772,0.0028,-0.5,250.0,-0.35,0.527,-0.37,38.1,95.0,106.0
Paul Peterson,6400,0.106,0.2935,0.4802,0.0028,0.5,250.0,0.08,0.442,0.03,54.5,135.0,232.0
David Lipsky,6400,0.106,0.2848,0.4708,0.0028,-1.5,250.0,-0.27,0.491,0.43,55.6,481.0,144.0
Davis Riley,6300,0.101,0.2761,0.4693,0.0028,-3.5,250.0,-0.8,0.519,0.0,45.5,316.0,101.0
Hank Lebioda,6300,0.099,0.2304,0.4559,0.002,1.0,350.0,-0.37,0.504,0.0,55.0,135.0,193.0
Joe Highsmith,6400,0.095,0.2717,0.4651,0.0028,-4.5,250.0,-0.67,0.531,0.86,54.5,138.0,112.0
Adam Svensson,6500,0.09,0.2478,0.4629,0.0024,-1.0,300.0,-0.52,0.506,0.43,47.4,78.0,314.0
Taylor Pendrith,7400,0.09,0.2326,0.5167,0.0001,50.5,1000.0,-0.17,0.504,0.0,62.5,458.0,51.0
Kihei Akina,6600,0.085,0.2,0.4189,0.0024,-12.0,300.0,-0.76,0.447,-1.32,100.0,0.0,1000.0
Brice Garnett,6300,0.082,0.2043,0.4516,0.0018,5.0,400.0,-0.42,0.516,-1.16,35.0,204.0,307.0
Dylan Wu,6400,0.08,0.1913,0.4465,0.0018,2.0,400.0,-0.52,0.502,-1.51,50.0,107.0,381.0
Aaron Wise,6400,0.079,0.187,0.4447,0.0018,1.0,400.0,-0.15,0.531,0.0,30.8,136.0,1000.0
Danny Walker,6200,0.077,0.1783,0.4343,0.0018,-1.0,400.0,-0.89,0.513,-0.8,47.6,110.0,210.0
Jimmy Stanger,6300,0.076,0.1826,0.4373,0.0018,0.0,400.0,-0.75,0.48,0.0,41.2,192.0,1000.0
Adam Schenk,6200,0.074,0.1196,0.4095,0.0014,-1.5,500.0,-0.82,0.559,0.2,38.1,123.0,135.0
Patton Kizzire,6100,0.073,0.1326,0.4166,0.0014,1.5,500.0,-0.98,0.533,0.63,35.3,109.0,242.0
Peter Malnati,6300,0.071,0.2,0.451,0.0018,4.0,400.0,-0.43,0.498,-0.43,52.6,134.0,457.0
Ben Martin,6400,0.07,0.2174,0.4486,0.002,-2.0,350.0,-0.34,0.537,-0.3,30.0,45.0,433.0
Nick Dunlap,6300,0.068,0.1913,0.4238,0.002,-8.0,350.0,-1.16,0.528,-0.3,41.2,81.0,164.0
C.T. Pan,6100,0.068,0.1739,0.4301,0.0018,-2.0,400.0,-0.08,0.522,-0.18,0.0,0.0,376.0
Jeffrey Kang,6100,0.061,0.1152,0.3984,0.0014,-2.5,500.0,-0.77,0.563,0.0,31.6,43.0,202.0
Rafael Campos,6100,0.06,0.1239,0.4097,0.0014,-0.5,500.0,-0.78,0.543,-0.16,26.3,104.0,382.0
Alejandro Tosti,6200,0.057,0.1109,0.3894,0.0014,-3.5,500.0,-1.29,0.578,0.35,19.0,54.0,248.0
Kensei Hirata,6000,0.054,0.1043,0.4106,0.0007,6.0,1000.0,-1.16,0.542,0.0,40.0,94.0,153.0
Cam Davis,6200,0.051,0.1065,0.374,0.0014,-4.5,500.0,-1.5,0.575,0.0,31.2,49.0,137.0
Michael Thompson,6200,0.042,0.0696,0.3579,0.0007,-2.0,1000.0,-0.98,0.511,0.0,100.0,3.0,1000.0
Christo Lamprecht,6000,0.041,0.0783,0.3671,0.0007,0.0,1000.0,-1.8,0.571,0.0,26.3,26.0,146.0
Marcelo Rozo,6000,0.036,0.0739,0.3657,0.0007,-1.0,1000.0,-1.39,0.597,0.0,20.0,13.0,453.0
K.H. Lee,6100,0.036,0.0326,0.3542,0.0001,4.5,1000.0,-1.36,0.587,0.19,0.0,0.0,410.0
Brendon Todd,6100,0.034,0.0478,0.3503,0.0004,-1.0,1000.0,-1.94,0.591,0.0,14.3,2.0,502.0
Bowen Mauss,6000,0.033,0.0217,0.2965,0.0002,-3.0,1000.0,-0.03,0.8,-1.93,59.2,0.0,1000.0
Boston Bracken,6200,0.028,0.0478,0.2976,0.0007,-7.0,1000.0,-0.32,0.8,0.0,59.2,0.0,1000.0
David Lingmerth,6000,0.028,0.0326,0.3007,0.0002,-0.5,1000.0,-0.32,0.8,0.0,59.2,0.0,1000.0
Zach J. Johnson,6000,0.028,0.0326,0.3007,0.0002,-0.5,1000.0,-0.32,0.8,0.0,59.2,0.0,1000.0
